Num_Acc,an,mois,jour,hrmn,lum,agg,int,atm,col,com,adr,gps,lat,long,dep
200800045871,8,8,25,1700,1,2,1,1,2,75,"6, MARIUS MASSE (BOULEVA",,,,130
200800015531,8,2,19,1430,1,2,1,1,3,540,GAMBETTA. BOULEVARD,,,,760
200800006553,8,2,26,430,3,1,1,2,1,224,,M,4604900.0,625500.0,740
200800067609,8,11,3,917,1,1,1,1,7,589,AUTOROUTE A6,,,,910
200800041417,8,7,10,830,1,2,2,1,4,28,"0, PETITES HAYES.(AVENUE",,,,940
200800060716,8,10,16,2005,5,1,9,1,7,73,RN 186,,,,940
200800046110,8,8,20,804,1,2,2,8,3,231,REPUBLIQUE (DE LA) (PLAC,,,,210
200800053098,8,9,1,1925,1,2,1,1,6,31,"21, DESCARTES (RUE)",,,,190
200800057478,8,10,29,1810,5,2,1,1,2,31,GUYNEMER (AVENUE),M,4515093.0,450709.0,190
200800065446,8,11,19,905,1,2,1,1,2,21,DELIVRANCE (RUE DE LA),,,,800
200800036709,8,7,1,1045,1,1,1,1,6,418,,M,4346400.0,88300.0,320
200800015979,8,3,6,2200,3,1,1,1,1,233,,M,4356700.0,-28300.0,640
200800012682,8,3,12,515,5,2,1,1,7,7,"0, ARBRISSEL",,,,490
200800053722,8,9,23,701,2,1,9,1,2,215,A7-Sens Lyon vers Marsei,,,,130
200800017173,8,4,23,1730,1,2,1,1,1,152,route de Grasse,M,0.0,0.0,60
200800044809,8,8,30,1500,1,2,2,1,3,113,"., ORADOU (RUE DE L')",,,,630
200800040531,8,7,25,1620,1,1,1,1,2,123,CD 212,,,,770
200800040701,8,7,1,1645,1,2,1,1,1,69,"5, HUIT MAI (AVENUE DU)",,,,830
200800014580,8,3,27,2110,5,2,1,1,6,382,"49, RUE PRESIDENT EDOUAR",,,,690
200800002731,8,1,5,1930,5,2,1,3,6,189,MICHEL DEBRE (RUE),,,,300
200800000631,8,1,28,1800,2,1,1,1,2,453,,M,4938200.0,369300.0,20
200800074194,8,12,17,1430,1,1,1,3,7,475,AUTOROUTE A2,,,,590
200800068355,8,11,28,1820,5,2,1,1,6,113,"80, RUE DE TOLBIAC",,,,750
200800016444,8,3,13,1145,1,1,1,1,6,190,,M,4829800.0,421000.0,100
200800053702,8,9,13,1611,1,1,1,1,3,210,A50-Sens Marseille vers,,,,130
200800003270,8,1,18,2030,3,2,1,1,3,143,"., RUE DES SORINIERES",,,,440
200800050489,8,9,5,1754,1,2,2,3,3,93,GARE  -N° 1 A 50- (RUE D,,,,350
200800075688,8,5,31,2155,5,2,1,2,6,411,JAURES (BOULEVARD JEAN),,,,974
200800025917,8,5,12,2150,2,2,2,1,7,7,"162, BRIAND (AVENUE ARIS",,,,920
200800037025,8,7,21,1400,1,2,1,1,3,187,,M,4503600.0,309800.0,150
200800007738,8,2,16,1731,1,2,3,1,1,55,SAINT ANTOINE (AVENUE DE,,,,130
200800041894,8,7,2,1345,1,1,1,1,3,72,A6   445.323 A 447.390,,,,690
200800023608,8,5,18,2230,5,2,1,1,6,55,"44, VALBARELLE (BOULEVAR",,,,130
200800004403,8,1,23,1040,1,2,1,1,2,194,"8, CHASSEIGNE (BOULEVARD",,,,860
200800009390,8,2,10,1525,1,2,2,1,1,165,VIGNES (CHEMIN DES),,,,780
200800057232,8,10,23,1000,1,2,1,1,6,55,"86, NOTRE DAME (BOULEVAR",,,,130
200800026193,8,5,22,1425,1,2,2,1,3,49,GENERAL DE GAULLE (RUE),,,,930
200800017021,8,3,18,1930,3,1,9,1,5,82,,M,0.0,0.0,730
200800020769,8,4,26,1535,1,2,3,1,4,621,NATIONALE 10   (ROUTE),,,,780
200800039814,8,7,20,1530,1,2,1,1,7,107,"3, CIGALES (RUE DES)",,,,560
200800054783,8,9,7,2315,3,2,1,1,6,51,"19, CHATEAU (BOULEVARD D",,,,920
200800039260,8,7,11,1235,1,2,1,1,2,522,"166, CRS MARECHAL GALLIE",,,,330
200800040162,8,7,25,1704,1,2,1,1,7,122,MOUSSE (ROND POINT DU),,,,640
200800009919,8,2,22,1215,1,2,1,1,6,5,"26, JACQUES DUCLOS [CD44",,,,930
200800009556,8,2,27,1350,1,1,1,1,2,144,D.L.F. (AVE DE LA 1ERE),,,,830
200800044953,8,8,28,1435,1,2,1,1,3,224,"21A, THANN (RUE DE)",,,,680
200800006618,8,2,14,2300,3,1,1,1,3,338,,M,0.0,0.0,570
200800034915,8,6,25,900,1,1,1,1,3,363,AUTOROUTE A10,,,,910
200800051628,8,9,25,1300,1,2,1,1,7,165,NERUDA (RUE PABLO),,,,780
200800041700,8,7,12,1130,1,1,1,1,3,498,A14,,,,780
200800025570,8,5,24,1645,1,2,2,1,3,586,SUGER,,,,780
200800022927,8,4,11,1815,1,2,1,1,6,440,GAMBETTA (RUE),,,,780
200800051315,8,9,6,955,1,2,1,2,3,224,"3 B, SIEGFRIED (RUE JULE",,,,680
200800017346,8,4,13,1630,1,1,1,1,5,336,,M,4877000.0,286000.0,770
200800073454,8,12,1,915,1,2,1,2,7,108,PLACE DE LA MADELEINE,,,,750
200800019355,8,4,29,1805,1,2,1,2,7,278,"0, LAENNEC (BD)",,,,220
200800021995,8,4,17,1730,1,2,1,1,3,112,"13, AVENUE DU DOCTEUR AR",,,,750
200800004734,8,1,27,430,5,2,1,1,2,107,"01, QUAI ANATOLE FRANCE",,,,750
200800010580,8,2,8,1255,1,2,1,1,7,385,"136, RUE COMMANDANT CHAR",,,,690
200800024203,8,5,28,1910,1,2,2,2,3,318,RUE DE CHAMBORD,,,,330
200800010832,8,2,8,2255,5,2,1,1,6,110,"6, RUE DE SAINT QUENTIN",,,,750
200800052701,8,9,15,1410,1,2,1,1,2,262,"1, 1848 (BOULEVARD)",,,,110
200800053296,8,9,24,1425,1,2,1,1,2,109,"43, RUE SAINT LAZARE",,,,750
200800056474,8,10,4,330,3,1,1,1,6,14,,M,4867200.0,131600.0,280
200800053130,8,9,22,820,1,2,2,1,3,281,RUE CAMILLE GOILLOT,,,,330
200800032177,8,6,16,1215,1,2,2,1,6,189,"13, HORLOGE (RUE)",,,,300
200800032033,8,6,17,45,5,2,1,2,6,56,DOLE RUE DE >200,,,,250
200800012979,8,3,27,1640,1,1,1,1,6,512,EPEULE  (RUE DE L'),,,,590
200800043400,8,8,13,1,5,2,1,1,3,62,"31, THIERS (AVENUE)",,,,930
200800064820,8,11,17,920,1,2,3,1,2,74,"245, MEAUX RUE DE",,,,930
200800000680,8,1,12,1300,1,1,1,1,4,625,,M,0.0,0.0,760
200800034105,8,6,1,1245,1,2,1,1,5,12,"91, EDOUARD VAILLANT (AV",,,,920
200800021042,8,4,6,1930,1,2,9,1,3,549,"1, HUREPOIX (AVENUE DU)",,,,910
200800045549,8,8,20,1015,1,2,3,1,3,4,JUIN AV.MARECHAL,,,,60
200800068222,8,11,24,905,1,2,1,1,2,115,QUAI ANDRE CITROEN,,,,750
200800053409,8,9,28,845,1,2,2,1,4,104,QUAI DE L HOTEL DE VILLE,,,,750
200800015997,8,3,10,1345,1,2,1,3,6,56,Veillard,M,0.0,0.0,160
200800038379,8,7,25,805,1,2,2,1,1,81,"000, PENETRANTE NORD",,,,100
200800068335,8,11,18,1820,5,2,1,2,3,117,"2, AVENUE DE LA PORTE DE",,,,750
200800028495,8,5,30,1930,1,2,1,2,7,417,RUE DES ROUTIERS,M,4583400.0,305000.0,630
200800051618,8,9,11,800,1,2,9,1,3,372,JOHN FITZGERALD KENNEDY,,,,780
200800005071,8,1,7,1355,1,2,1,1,5,78,"1, REPUBLIQUE (AV DE LA)",,,,940
200800064493,8,11,4,1900,5,2,1,1,1,47,N152,,,,410
200800008992,8,2,16,2000,3,2,1,1,2,57,SALVADOR ALLENDE (AVENUE,,,,600
200800025238,8,5,31,1345,1,2,1,1,6,482,"18, NORMANDIE (AVENUE DE",,,,670
200800068250,8,11,25,2025,5,2,2,1,3,112,AVENUE EMILE LAURENT,,,,750
200800076922,8,10,14,650,1,1,1,1,6,113,"CD, SECTION COCOYER",,,,971
200800074049,8,12,28,700,5,2,1,1,6,113,"7, QUAI FRANCOIS MAURIAC",,,,750
200800042366,8,7,15,1921,1,2,5,1,3,115,RUE VIALA,,,,750
200800039290,8,7,19,1100,1,2,3,1,2,3,DANTON (H11 A H13,,,,340
200800014635,8,3,12,1650,1,2,2,1,3,386,BOULEVARD DES BELGES,,,,690
200800053241,8,9,15,1115,1,2,1,1,3,116,"48, RUE MICHEL ANGE",,,,750
200800074045,8,12,28,2300,5,2,2,1,3,108,"69, BOULEVARD HAUSSMANN",,,,750
200800012401,8,3,5,220,5,2,1,1,6,301,"9bis, ROUGET DE LISLE (R",,,,340
200800038345,8,7,27,130,5,2,7,1,3,88,"0, BAREL (PLACE MAX)",,,,60
200800006367,8,2,5,1645,1,1,1,1,7,4,,M,0.0,0.0,310
200800056530,8,10,16,1215,1,1,6,3,7,515,,M,4732900.0,510000.0,210
200800062081,8,10,22,1912,5,2,2,1,3,120,AVENUE DU DOCTEUR GLEY,,,,750
200800028313,8,5,6,1745,1,2,1,1,1,289,impasse grandes terres,M,4565000.0,501800.0,690
200800026369,8,5,21,850,1,2,1,1,2,28,"0, PASTEUR VALERY RADOT(",,,,940
200800076541,8,8,28,2100,3,1,1,1,1,213,ROUTE NATIONALE 6,,,,972
200800016380,8,3,30,1400,1,2,6,1,3,130,rue du Printemps,M,4843300.0,765900.0,670
200800050199,8,9,3,30,5,2,1,1,6,51,FOSSE ( BOULEVARD DE LA,,,,620
200800044659,8,8,21,1835,1,2,3,1,6,220,"102, LECLERCQ AV. DU GAL",,,,590
200800057745,8,10,27,1924,5,2,2,1,3,189,DAYAN GEORGES (AVENUE),,,,300
200800032983,8,6,9,1030,1,2,6,1,3,672,CORMONTAIGNE (RUE),,,,570
200800026123,8,5,4,1715,1,2,1,1,6,10,"ignore, PASSE AUX DAIMS",,,,930
200800073955,8,12,19,820,2,2,3,1,6,116,"108, BOULEVARD EXELMANS",,,,750
200800016913,8,3,5,2130,3,1,1,9,6,580,,M,0.0,0.0,950
200800052831,8,9,27,2200,5,2,1,1,1,55,"54, SAKAKINI (BOULEVARD)",,,,130
200800006932,8,2,18,2200,3,1,1,2,7,13,,M,4357300.0,345500.0,340
200800043435,8,8,26,955,1,2,1,1,3,78,BALLANGER (BD ROBERT),,,,930
200800071834,8,12,16,1630,1,2,2,1,6,378,REPUBLIQUE AV DE LA ( N°,,,,590
200800028497,8,5,17,530,3,1,1,2,6,284,,M,4579500.0,319400.0,630
200800016350,8,3,9,830,3,1,1,1,6,333,,M,0.0,0.0,540
200800002722,8,1,4,930,1,2,2,3,3,189,FRANCAIS LIBRES (BD),M,4387161.0,432037.0,300
200800019274,8,4,8,1215,1,2,2,1,5,300,"001, LECLERC   AVENUE DU",,,,170
200800018439,8,4,5,2245,5,2,2,1,6,612,face au 49-47 Brunehaut,M,4921100.0,260000.0,600
200800072750,8,12,30,1030,1,2,2,9,1,549,"0, CHEVREFEUILLES (AVENU",,,,910
200800013727,8,3,21,438,5,2,1,1,2,87,"180, GAULLE (AVENUE CHAR",,,,840
200800004879,8,1,3,755,2,1,1,1,7,256,ROUTE NATIONALE 184,,,,950
200800011469,8,3,6,1430,1,2,2,1,3,88,"0, SOLA (BD PIERRE)",,,,60
200800001642,8,1,19,2005,5,2,1,1,1,55,"72, DOCTEUR HECKEL (RUE",,,,130
200800059492,8,10,23,650,5,2,1,1,1,497,"8, CURIE. RUE PIERRE ET",,,,760
200800055490,8,10,31,545,5,2,6,2,6,195,,M,0.0,0.0,790
200800024529,8,5,21,1950,1,2,2,1,3,234,PARC FLORAL (AVENUE DU P,,,,450
200800029902,8,6,1,1600,1,1,1,8,3,430,,M,4346500.0,-79800.0,640
200800063878,8,11,1,1720,5,2,1,2,2,463,"00, VICTOR DEMANGE (BOUL",,,,570
200800050148,8,9,15,1515,1,2,3,1,3,599,PARIS (RUE DE),,,,590
200800056904,8,10,6,1440,1,2,1,1,3,88,"188, CALIFORNIE (AV.) (D",,,,60
200800029945,8,6,25,1545,1,2,1,1,1,452,RUE JOFFRE,M,0.0,0.0,170
200800049225,8,9,29,1345,1,1,1,1,1,274,,M,4517300.0,146600.0,190
200800058483,8,10,9,1800,1,2,1,7,3,129,"96, COSNARD (PONT)",,,,500
200800017122,8,4,21,900,1,1,1,1,4,248,,M,4959100.0,132800.0,760
200800012556,8,3,3,1114,1,2,2,8,3,218,MENDES FRANCE PIERRE (BO,,,,420
200800071520,8,12,5,1022,1,2,1,1,7,7,"0, BAUMETTE PROMENADE",,,,490
200800032394,8,6,2,1430,1,2,1,1,7,32,RIQUET PIERRE PAUL (ALLE,,,,340
200800066749,8,11,29,1140,1,1,1,1,6,88,"164, MADELEINE (BD DE LA",,,,60
200800066367,8,11,24,625,5,2,2,2,3,23,"138, GENERAL DE GAULLE (",,,,920
200800032454,8,6,17,1130,1,2,2,1,3,172,CASTELNAU JUSTICE DE,,,,340
200800067118,8,11,18,805,1,2,1,2,3,318,"6, AVE DU HAUT LEVEQUE",,,,330
200800040247,8,7,8,1530,1,2,2,1,3,447,"0, GENERAL DE GAULLE (RO",,,,670
200800053567,8,9,27,1900,1,1,1,1,4,572,ROUTE NATIONALE 184,,,,950
200800053263,8,9,22,2040,5,2,2,1,1,112,RUE DE BERCY,,,,750
200800055200,8,10,6,1045,1,1,1,1,1,17,,M,4788700.0,-275500.0,560
200800046500,8,8,11,1000,1,2,1,1,1,119,35RUE DU GENERAL LECLERC,M,4868200.0,769900.0,670
200800069771,8,12,7,715,3,1,1,1,6,150,,M,0.0,0.0,710
200800022723,8,3,17,2115,4,1,1,1,2,266,RD383   3.750 A 7.640,,,,690
200800029187,8,5,24,945,1,1,1,3,1,150,,M,0.0,0.0,290
200800008151,8,2,11,1350,1,1,1,1,2,555,VA008493 LA CRABE A624 S,,,,310
200800047191,8,8,25,1530,1,1,1,1,7,430,,M,4341600.0,64200.0,320
200800003800,8,1,29,1140,1,2,9,1,6,113,"49, COTE BLATIN (BD)",,,,630
200800070808,8,12,22,1818,5,2,1,1,4,231,"57, DRAPEAU (DU) (AVENUE",,,,210
200800061104,8,10,4,45,5,2,1,1,2,33,"sans, MACCHIONE - CHEMIN",,,,202
200800070665,8,12,12,830,2,2,1,8,6,118,"33, ROBILLARD (RUE LOUIS",,,,140
200800051478,8,9,19,1650,1,2,1,1,3,351,"Néant, JENNER (TUNNEL)",,,,760
200800034898,8,6,17,800,1,1,1,1,7,37,AUTOROUTE A6A,,,,940
200800024495,8,5,31,2055,1,2,1,1,6,109,", BOULEVARD GENERAL DE G",,,,440
200800062088,8,10,28,1850,5,2,2,2,4,120,PLACE DU MAQUIS DU VERCO,,,,750
200800053129,8,9,19,711,5,2,2,1,3,318,AVE PASTEUR,,,,330
200800040856,8,7,22,1203,1,2,1,1,7,85,"8, BRIAND (RUE ARISTIDE)",,,,870
200800039044,8,7,1,520,2,1,1,1,2,28,"86, ROUTE DE PONT SAINT",,,,300
200800025695,8,5,7,1205,1,1,1,1,3,90,SANARY (ROUTE DE),,,,830
200800041996,8,7,1,1310,1,2,2,1,7,101,"166, RUE DE RIVOLI",,,,750
200800015604,8,3,11,1700,1,2,6,1,6,96,route de gamaches,M,0.0,0.0,800
200800000525,8,1,29,1800,3,1,1,1,5,188,,M,0.0,0.0,540
200800006739,8,2,17,630,3,1,9,1,3,298,,M,0.0,0.0,890
200800009756,8,2,4,1520,1,2,6,1,3,7,CROIZAT (ROND-POINT AMBR,,,,920
200800008914,8,2,21,1355,1,2,2,8,6,350,"00, CORBUSIER AVENUE LE",,,,590
200800042464,8,7,17,1640,1,2,3,1,3,117,"224, RUE DE COURCELLES",,,,750
200800039967,8,7,27,1100,1,1,6,1,2,392,CHARLES DE GAULLE (BOULE,,,,590
200800042527,8,7,25,2130,2,2,1,1,4,118,PORTE DE CLIGNANCOURT,,,,750
200800040624,8,7,6,1130,1,2,2,1,3,646,ETATS UNIS (AVENUE DES),,,,780
200800039627,8,7,30,2015,1,2,1,1,3,4,"147, COOPERATIVE (RUE DE",,,,450
200800045291,8,8,6,2129,1,2,1,1,2,119,AVE RENE CASSAGNE,,,,330
200800058910,8,10,22,2325,5,2,1,1,6,606,", HORNE (AVENUE GENERAL)",,,,590
200800060820,8,10,20,1815,1,2,1,1,6,81,PORT A L ANGLAIS (R DU),,,,940
200800046966,8,8,12,1245,1,1,1,2,6,494,,M,4497000.0,16400.0,240
200800022654,8,3,1,945,1,2,1,1,3,5,"54, JULES PRINCET [CD115",,,,930
200800025201,8,5,15,1215,1,2,1,8,1,482,"0, GRANDES ARCADES (RUE",,,,670
200800049176,8,9,24,800,1,1,1,1,6,193,,M,4613000.0,-105200.0,170
200800035150,8,6,29,1045,1,1,1,1,4,33,A55-Sens Marseille vers,,,,130
200800074443,8,12,22,2208,3,1,1,1,2,258,A4.W,,,,770
200800040961,8,7,25,1645,1,1,1,1,7,692,CD35,,,,910
200800077257,8,11,11,1900,5,2,2,1,3,411,PARIS (RUE DE),,,,974
200800022648,8,4,30,1930,1,1,1,1,3,206,A13,,,,780
200800073916,8,12,22,1230,1,2,3,1,3,108,COURS ALBERT 1ER,,,,750
200800061394,8,10,28,1310,1,1,1,3,2,215,A7-Sens Marseille vers L,,,,130
200800047379,8,8,15,1930,1,2,1,1,3,170,RUE DFE LA REPUBLIQUE,M,0.0,0.0,580
200800015268,8,3,23,2050,5,2,1,2,6,117,"15, AVENUE DE VILLIERS",,,,750
200800002297,8,1,26,855,1,2,3,7,6,547,"1, BELGIQUE (RUE DE)",,,,540
200800007279,8,2,2,1230,1,1,1,2,5,805,"sans, ROUTE NATIONALE 2",,,,20
200800051678,8,9,25,755,1,2,1,1,3,1,"340, ROUVROY (de)",,,,800
200800073468,8,12,1,1305,1,2,5,2,7,117,"01, PLACE DU MARECHAL JU",,,,750
200800052499,8,9,13,918,1,2,1,1,3,30,ST JOSEPH (CHEMIN),,,,60
200800004671,8,1,24,40,5,2,3,1,3,116,AVENUE KLEBER,,,,750
200800047356,8,8,28,900,1,1,1,1,7,388,,M,4782800.0,567300.0,520
200800033839,8,6,23,1830,1,1,1,1,6,61,"0, RUE DES COMBATTANTS D",,,,830
200800037807,8,7,20,330,3,1,1,1,6,163,,M,0.0,0.0,340
200800058099,8,10,8,740,3,1,1,1,7,238,"00, VEZIN (ROUTE DE)",,,,350
200800008789,8,2,13,740,5,2,1,1,6,260,"., MONTAIGNE(RUE)",,,,560
200800031430,8,6,21,1415,1,2,1,1,6,88,"15, PAULIANI (AV.)",,,,60
200800002624,8,1,18,1310,1,2,3,1,7,281,"NEANT, LIBERATION (BOULE",,,,260
200800001793,8,1,4,920,1,2,6,3,2,78,DORMOY MARX (AVENUE),,,,130
200800054761,8,8,27,1810,1,2,1,1,4,60,"36, CHARLES DE GAULLE (A",,,,920
200800024201,8,5,29,1345,1,2,3,1,3,119,RUE DU MARECHAL FOCH,,,,330
200800040826,8,7,4,2357,5,2,1,1,2,85,"1, DUMAS (AVENUE GEORGES",,,,870
200800056193,8,10,29,45,3,1,1,2,6,96,,M,4447300.0,676300.0,40
200800025820,8,5,31,1440,1,2,3,2,3,10,"49, VALDOIE (RUE DE)",,,,900
200800007723,8,2,24,2125,5,2,1,1,6,55,"5, ROME (RUE DE)",,,,130
200800073550,8,12,6,1900,2,2,2,1,3,110,"57, BOULEVARD DE MAGENTA",,,,750
200800056612,8,10,6,645,3,1,1,1,2,78,,M,4430100.0,26200.0,470
200800040560,8,7,18,850,1,2,2,1,2,297,HUIT MAI 1945 (AVENUE DU,,,,780
200800053424,8,9,29,1250,1,2,4,1,6,118,"41, RUE ORDENER",,,,750
200800042158,8,7,9,1255,1,2,1,1,6,109,"29, RUE DE LONDRES",,,,750
200800065652,8,11,4,1455,1,2,1,1,6,114,CORBEIL (AVENUE DE),,,,910
200800059995,8,10,11,1625,1,2,1,1,7,10,"5, FONTAINE (RUE JEAN DE",,,,900
200800051770,8,9,30,941,1,2,1,1,2,126,"00, BRUN (AV ROBERT)",,,,830
200800070703,8,12,9,920,1,2,1,1,6,300,"0001, place Francois Mit",,,,170
200800029017,8,5,10,1715,1,1,1,1,6,228,,M,0.0,0.0,300
200800070129,8,12,27,1130,1,2,1,1,3,555,"332, AV DES ETATS UNIS",,,,310
200800051722,8,9,27,2315,5,2,2,1,6,105,LIBERTE (BOULEVARD DE LA,,,,810
200800070951,8,12,2,945,1,2,1,1,6,232,"69, BENODET ROUTE DE",,,,290
200800010366,8,2,6,2100,4,1,1,1,3,64,AUTOROUTE A86,,,,930
200800044419,8,8,29,558,1,2,3,1,3,234,"207, FAUBOURG SAINT VINC",,,,450
200800061621,8,10,10,1505,1,2,3,1,6,110,"10, RUE D AIX",,,,750
200800037140,8,7,24,1945,1,1,1,1,7,435,,M,4835600.0,679500.0,880
200800051219,8,9,16,830,1,2,1,1,7,74,"36, MEAUX RUE DE",,,,930
200800043712,8,8,12,2117,5,1,1,2,6,482,Autoroute A.35,,,,670
200800042209,8,7,8,1930,1,2,1,1,6,111,"2, BOULEVARD RICHARD LEN",,,,750
200800051614,8,9,27,1455,1,2,1,1,1,361,"12, RUE JEAN BAPTISTE MA",,,,780
200800017327,8,4,22,930,1,1,1,1,6,272,,M,0.0,0.0,450
200800045122,8,8,28,1420,1,2,1,1,1,229,"1, QUATORZE JUILLET (BOU",,,,270
200800062849,8,11,29,1945,3,1,1,1,6,540,,M,4898700.0,343700.0,20
200800014366,8,3,19,1330,1,2,3,1,3,203,SAINT GRATIEN (ROUTE DE),,,,950
200800025297,8,5,11,1430,1,2,3,1,2,92,BEAUJOLAIS (AVENUE DU),,,,690
200800001737,8,1,23,2010,5,2,2,1,7,55,JONQUILLES (CHEMIN DES),,,,130
200800044992,8,8,16,2040,2,2,1,1,7,421,"14, GENERAL LECLERC (RUE",,,,910
200800030981,8,6,22,1645,1,2,1,1,1,220,CD 951 AU PK 09,M,0.0,0.0,410
200800070158,8,12,18,1705,5,2,1,2,6,346,"0, EUROPE ( AVENUE DE L'",,,,890
200800023469,8,5,7,800,1,2,1,1,3,55,"69, CORNICHE KENNEDY",,,,130
200800071770,8,12,21,2045,5,1,3,1,3,317,ROUTE DEPARTEMENTALE 945,,,,590
200800007028,8,2,21,230,3,1,1,1,6,20,,M,0.0,0.0,180
200800028525,8,5,30,2100,1,1,1,1,7,157,,M,0.0,0.0,150
200800011760,8,3,26,1355,1,2,1,1,2,55,"430, REDON (BOULEVARD DU",,,,130
200800008689,8,2,16,1240,1,2,3,1,6,147,NORMANDIE,,,,500
200800066753,8,11,30,1645,4,1,9,1,6,88,"0, RD 6202",,,,60