Num_Acc,an,mois,jour,hrmn,lum,agg,int,atm,col,com,adr,gps,lat,long,dep
200800025846,8,5,31,1755,1,2,1,1,6,657,PIERRE BROSSOLETTE (RUE),,,,910
200800070575,8,12,10,2040,5,2,3,1,3,55,NEUF (BOULEVARD),,,,130
200800070635,8,12,22,915,1,2,1,7,6,56,MISTRAL AVENUE FREDERIC,,,,130
200800068639,8,12,16,2315,5,2,1,1,6,679,ROUTE PORTE DE MORTAGNE,M,4874000.0,92100.0,270
200800027175,8,5,1,1500,1,2,1,2,6,112,"4, PLACE EDOUARD RENARD",,,,750
200800035760,8,6,6,1602,1,2,1,1,5,120,"105, COURS DE VINCENNES",,,,750
200800045550,8,8,23,403,5,2,1,1,6,4,"149, BACON BD DU ET BD G",,,,60
200800065545,8,11,22,1820,5,2,1,1,3,7,"156, TARASCON ( Avenue d",,,,840
200800022430,8,4,4,1900,2,1,1,1,2,36,AUTOROUTE A15,,,,920
200800046081,8,8,30,1820,1,2,3,1,3,279,"40, REPUBLIQUE (AVENUE D",,,,180
200800047793,8,8,1,1900,1,1,1,1,1,147,,M,0.0,0.0,280
200800004811,8,1,31,1710,5,2,1,1,6,118,RUE STEPHENSON,,,,750
200800050772,8,9,8,1552,1,2,1,1,3,7,"72, BERANGER",,,,490
200800048019,8,8,13,1430,1,2,1,8,6,540,"52, CAEN. AVENUE DE",,,,760
200800019627,8,4,15,1740,1,2,3,1,3,75,AVE JEAN JAURES,,,,330
200800055559,8,10,8,745,2,2,1,2,6,451,Avenue de St Ferreol,M,0.0,0.0,310
200800059531,8,10,13,745,1,1,3,1,3,447,C.D 82,,,,770
200800024955,8,5,16,2030,4,2,3,2,3,463,FAIDHERBES (RUE),,,,600
200800067396,8,11,30,1955,5,2,5,2,3,118,PLACE DE CLICHY,,,,750
200800037377,8,7,2,2015,2,1,1,1,1,81,,M,0.0,0.0,130
200800015836,8,3,29,615,3,1,1,1,7,131,,M,4711600.0,-204200.0,440
200800023615,8,5,15,1830,1,2,1,1,3,55,ALEX. FLEMING (BOULEVARD,,,,130
200800029322,8,5,26,330,3,1,1,1,2,273,,M,4608300.0,536500.0,10
200800031346,8,6,2,1540,1,2,1,1,6,88,"2, PETIT-PARC (PASS. DU)",,,,60
200800072244,8,12,26,1528,1,2,1,7,7,306,"1, JULES GUESDE (RUE)",,,,710
200800055363,8,10,7,1515,1,1,1,2,1,22,,M,4500400.0,-76900.0,330
200800025653,8,5,21,1810,1,2,1,1,6,121,"0, UNAL (AVENUE MARCEL)",,,,820
200800036430,8,7,15,1445,1,1,1,1,1,51,,M,0.0,0.0,720
200800064168,8,11,14,1215,1,1,1,1,3,136,"32, ANCIEN CHEMIN DE BOM",,,,660
200800060410,8,10,8,1745,1,2,1,1,7,27,TITOV (RUE GUERMAN),,,,930
200800044546,8,8,15,1725,1,2,2,1,3,121,"., VOLTAIRE (RUE)",,,,560
200800032307,8,6,3,1335,1,2,5,1,2,522,AVE ROUL,,,,330
200800064961,8,11,28,1530,1,2,3,1,1,2,"0, GENERAL CHARLES DE GA",,,,940
200800036055,8,7,4,1845,1,2,1,1,6,335,,M,0.0,0.0,620
200800034850,8,6,6,1130,1,1,1,1,5,43,"12.300, A13Y",,,,780
200800034972,8,6,24,1435,1,1,1,1,5,94,AUTOROUTE A16,,,,590
200800056577,8,10,20,845,1,1,1,1,2,154,,M,0.0,0.0,450
200800021806,8,4,7,1515,1,2,1,1,6,115,"26, AVENUE DE LOWENDAL",,,,750
200800068717,8,12,19,1645,1,1,1,8,3,157,,M,4778100.0,-263600.0,560
200800021681,8,4,2,1900,1,2,1,2,7,116,PLACE DE COLOMBIE,,,,750
200800021103,8,4,15,1245,1,2,1,1,5,26,"29, LEONARD DE VINCI",,,,920
200800026794,8,5,9,1630,1,2,2,1,6,386,RUE VAUBAN,,,,690
200800049858,8,9,27,1140,1,2,1,1,3,448,"44, BEREGOVOY (AVENUE PI",,,,520
200800022465,8,4,5,1900,1,1,1,8,6,161,AUTOROUTE A6,,,,910
200800043415,8,8,23,1220,1,2,2,1,6,66,PORT,,,,930
200800074338,8,12,18,805,1,1,1,2,3,76,AUTOROUTE A6A,,,,940
200800032132,8,6,3,1710,1,2,1,2,4,151,"7, PARIS (ROUTE DE)",,,,290
200800003349,8,1,12,1052,1,2,1,1,6,7,"0, EUROPE PLACE",,,,490
200800053278,8,9,24,1410,1,2,3,1,2,105,QUAI DE LA TOURNELLE,,,,750
200800062842,8,11,25,1045,1,2,1,2,6,16,123 avenue du G. Leclerc,M,0.0,0.0,800
200800069512,8,12,19,1230,1,2,1,1,1,31,RD 96,M,0.0,0.0,130
200800046417,8,8,8,2015,1,1,6,2,7,645,,M,0.0,0.0,570
200800041017,8,7,12,925,1,2,2,1,3,24,"39, MADAME DE SANZILLON",,,,920
200800057995,8,10,17,855,1,1,1,1,2,32,"29, NARBONNE (ROUTE DE)",,,,340
200800074107,8,12,17,2020,5,2,2,1,3,108,AVENUE DU PRESIDENT WILS,,,,750
200800039474,8,7,19,1020,1,2,2,1,3,185,"00, COURS DE LA LIBÉRATI",,,,380
200800001091,8,1,26,1915,5,1,1,1,7,68,,M,0.0,0.0,830
200800018796,8,4,9,1535,1,2,1,3,7,69,"174, SAINT MATHIEU (ROUT",,,,60
200800053757,8,9,5,1215,1,2,2,2,3,116,"33, RUE BOISSIERE",,,,750
200800027435,8,5,19,1900,1,2,3,1,6,118,BOULEVARD DE LA CHAPELLE,,,,750
200800057869,8,10,3,1720,1,2,3,1,3,63,AVE THIERS,,,,330
200800028551,8,5,21,1230,1,1,1,1,1,193,,M,0.0,0.0,570
200800066350,8,11,1,1525,1,2,1,1,3,55,"00, MAURICE SCHUMAN",,,,940
200800028595,8,5,25,1530,1,1,1,1,1,553,,M,4879300.0,563600.0,550
200800069989,8,12,12,1820,3,2,1,1,6,540,VOIE RAPIDE EST (BRETELL,,,,760
200800014982,8,3,8,1535,1,2,2,1,3,110,RUE DE LANCRY,,,,750
200800040023,8,7,28,1355,1,2,1,2,2,606,"40, SALY (BOULEVARD)",,,,590
200800023510,8,5,15,1450,1,2,3,1,6,55,"3, CORSE (AVENUE DE LA)",,,,130
200800000958,8,1,17,930,1,1,1,1,6,90,,M,4741700.0,341100.0,580
200800034902,8,6,18,755,1,1,1,1,4,76,AUTOROUTE A6A,,,,940
200800042957,8,8,8,2050,2,2,1,1,6,120,PORTE DE BAGNOLET,,,,750
200800000907,8,1,18,1345,1,1,1,8,7,487,,M,4499700.0,-48700.0,330
200800025307,8,5,20,1700,1,2,3,1,7,266,"27, RUE JEAN JAURES",,,,690
200800003508,8,1,23,1750,5,2,1,1,6,33,"17, PORTE JAUNE",,,,920
200800029082,8,5,8,600,2,1,1,1,3,226,,M,4848700.0,219300.0,910
200800053248,8,9,15,810,1,2,1,1,6,120,"76, AVENUE GAMBETTA",,,,750
200800059330,8,10,14,1700,1,2,1,1,3,264,"619, HERRIOT EDOUARD  AV",,,,690
200800053983,8,9,11,1505,1,2,1,1,6,113,"1, BOULEVARD DE L HOPITA",,,,750
200800016658,8,3,22,2000,5,2,1,1,1,330,route de Saturargues,M,0.0,0.0,340
200800056030,8,10,1,1515,1,1,1,1,2,100,,M,4819800.0,418300.0,100
200800068991,8,12,3,1830,3,1,1,1,7,421,,M,4569900.0,-95900.0,170
200800076719,8,9,24,1600,1,2,1,1,3,407,PARIS (AVENUE),,,,974
200800022385,8,4,4,1700,1,1,1,1,3,33,A86.EXT,,,,940
200800059308,8,10,26,100,5,2,1,1,3,91,"23, VICTOR HUGO ( R )",,,,690
200800052211,8,9,25,1816,1,2,1,1,3,189,"16, VERDUN (RUE)",M,4383108.0,435088.0,300
200800056645,8,10,23,800,2,2,1,8,6,353,rue de Richebourg,M,4907900.0,230900.0,950
200800070595,8,12,5,1115,1,2,1,1,3,55,"240, OLIVES (AVENUE DES)",,,,130
200800058166,8,10,11,1525,1,2,1,1,3,261,"45, TONNELLE (BOULEVARD)",,,,370
200800053491,8,9,18,1130,1,1,1,1,3,52,A86.EXT,,,,940
200800069813,8,12,5,1445,1,1,1,1,2,129,,M,4357400.0,386200.0,340
200800071273,8,12,24,1030,1,2,2,1,3,238,"00, POMPIDOU ( BD GEORGE",,,,350
200800042364,8,7,14,1945,1,2,2,1,3,115,"00, PONT DU GARIGLIANO",,,,750
200800069637,8,12,28,1730,3,1,1,1,6,80,,M,4472100.0,386200.0,480
200800022310,8,4,29,910,1,2,7,2,7,119,PLACE AUGUSTE BARON,,,,750
200800010100,8,2,22,1225,1,2,1,1,3,2,"37, GENERAL CHARLES DE G",,,,940
200800042718,8,6,2,745,1,2,1,8,1,65,DEPATEMENTALE 89 (RD),,,,810
200800022353,8,4,26,1300,1,1,1,1,5,192,ROCADE A 630,,,,330
200800014318,8,3,24,1855,2,2,1,1,6,78,ANATOLE FRANCE (AV),,,,940
200800049059,8,9,21,800,3,1,1,1,3,366,,M,4501700.0,-44100.0,330
200800024848,8,5,19,1620,1,2,2,1,3,386,"001, ABBAYE RUE DU PONT",,,,590
200800009421,8,2,23,1710,1,2,2,1,3,586,MERMOZ (JEAN),,,,780
200800002299,8,1,30,1925,5,2,3,2,6,547,"1, BELGIQUE (RUE DE)",,,,540
200800018365,8,4,13,1700,1,2,1,1,1,172,Rue de la Madeleine,M,0.0,0.0,220
200800029063,8,5,9,1815,1,1,1,1,2,319,,M,4243500.0,952500.0,202
200800021746,8,4,4,1928,1,2,1,1,2,120,"45, RUE BELGRAND",,,,750
200800013416,8,3,16,1050,1,1,1,2,6,481,"Néant, SAINT BARTHELEMY",,,,760
200800057782,8,10,6,2010,5,2,1,1,5,555,"203, RTE DE REVEL",,,,310
200800069713,8,12,12,1245,1,1,1,1,6,172,,M,0.0,0.0,280
200800031124,8,6,6,1400,1,1,9,1,2,152,,M,4852400.0,769600.0,670
200800010539,8,2,16,1020,1,2,2,1,5,386,RUE MICHEL RAMBAUD,,,,690
200800065613,8,11,19,953,1,2,1,1,3,85,"93, Georges GUINGOUIN(ru",,,,870
200800050410,8,9,10,2100,5,2,1,1,1,172,"1577, EINSTEIN (AVENUE A",M,4361075.0,391612.0,340
200800053384,8,9,27,1115,1,2,1,1,6,113,"39, RUE PASCAL",,,,750
200800069211,8,12,15,1330,1,1,1,5,3,217,,M,4595000.0,611800.0,740
200800059690,8,10,31,2340,5,2,1,3,6,621,TIMBAUD (AVENUE JEAN-PIE,,,,780
200800025239,8,5,31,1445,1,2,1,1,6,482,"00, MARCHE GARE (RUE DU)",,,,670
200800071537,8,12,12,2103,5,2,1,2,3,246,"0, MOULIN MARCILLE CHEMI",,,,490
200800047715,8,8,29,1445,1,1,1,7,1,150,,M,4261000.0,884600.0,202
200800051054,8,9,2,1115,1,2,4,1,6,50,LONGUES RAIES RUE DES,,,,920
200800032773,8,6,19,1145,1,2,1,1,7,7,"0, LIBERTE BOULEVARD",,,,490
200800065668,8,11,7,1830,5,2,1,1,6,433,"43, PONTS (RUE DES)",,,,910
200800025410,8,5,4,1610,1,2,3,1,6,319,ESSARTS. RUE DES (CD 13),,,,760
200800063483,8,11,26,30,3,1,1,1,7,30,,M,4885700.0,331600.0,770
200800011979,8,3,22,2030,5,2,3,1,2,322,"13, DENFERT ROCHERAU (RU",,,,240
200800008406,8,2,15,240,5,2,1,1,7,238,"00, VEZIN (ROUTE DE)",,,,350
200800071917,8,12,3,1830,3,1,1,1,3,613,RD 50,,,,590
200800069895,8,12,7,2100,3,1,1,1,4,183,,M,0.0,0.0,730
200800045196,8,8,17,108,5,2,1,1,6,189,"2031, COURBESSAC (ROUTE)",M,4386074.0,440271.0,300
200800013018,8,3,5,1730,1,2,1,1,2,169,MONT SAINT MICHEL (RUE D,,,,610
200800039863,8,7,18,730,1,2,3,1,1,221,"79, ROMAINS (RUE DES)",,,,570
200800034331,8,6,28,1710,1,2,3,1,3,27,", QUINET (RUE EDGAR)",,,,930
200800048908,8,9,13,1915,1,1,3,1,3,105,,M,4799100.0,-349300.0,560
200800041712,8,7,2,555,2,1,1,1,3,687,AUTOROUTE A6,,,,910
200800032053,8,6,27,900,1,2,6,2,6,281,"Ignoré, HUGO VICTOR (AVE",,,,260
200800037513,8,7,2,2030,1,1,1,1,7,59,,M,4336900.0,277600.0,340
200800070308,8,12,1,815,1,2,1,1,2,88,"18, JOLY (CORNICHE ANDRE",,,,60
200800017053,8,3,8,1915,3,1,1,1,3,317,,M,0.0,0.0,250
200800063953,8,11,12,740,1,2,3,1,6,9,BOIS AVENUE DU,,,,590
200800062680,8,11,20,1645,1,2,1,1,1,44,Chemin des caillades,M,0.0,0.0,60
200800014741,8,3,3,1125,1,1,9,1,2,137,A50,,,,830
200800039684,8,7,25,908,1,2,1,1,7,7,"0, ARBRISSEL",,,,490
200800074485,8,12,7,605,3,1,1,1,2,275,A42   4.353 A 5.760   GE,,,,10
200800063208,8,11,2,1515,1,2,1,1,1,324,ROUTE DE CASTILLONNES,M,4463900.0,73500.0,470
200800046299,8,8,14,1515,1,1,1,1,6,58,,M,0.0,0.0,740
200800012695,8,3,21,1602,1,2,2,1,3,7,"0, ROI RENE BOULEVARD",,,,490
200800005821,8,1,2,144,3,1,1,1,6,221,Autoroute A31,,,,570
200800035068,8,6,20,1440,1,1,1,1,3,290,A43   3.865 A 9.894,,,,690
200800035980,8,6,14,1545,1,2,1,1,6,540,"1, PORTE DES CHAMPS. AVE",,,,760
200800047825,8,8,2,1645,1,2,1,2,2,503,avenue de l'ocean,M,0.0,0.0,330
200800059663,8,10,17,800,2,2,3,5,3,624,POISSY AVENUE DE,,,,780
200800004146,8,1,3,2215,5,2,2,8,6,108,", CURIE (AVENUE PIERRE )",,,,770
200800002692,8,1,11,815,2,2,2,1,6,19,"., ONZE MARTYRS",,,,290
200800042509,8,7,13,40,5,2,2,1,3,118,"2, BOULEVARD BARBES",,,,750
200800002649,8,1,25,750,2,2,1,1,3,229,"489, VULCAIN (RUE)",,,,270
200800011308,8,3,26,2215,3,1,1,2,6,13,RD 979 A,,,,30
200800041062,8,7,13,1400,1,2,1,1,3,49,"75, REPUBLIQUE AVENUE DE",,,,920
200800029444,8,6,22,1845,1,1,1,1,1,572,,M,0.0,0.0,590
200800063869,8,11,25,1240,1,2,9,1,6,260,"., RESISTANCE(BLD DE LA)",,,,560
200800033933,8,6,16,825,1,2,1,2,6,194,"9, CLOUERE (RUE DE LA)",,,,860
200800072994,8,12,23,1515,1,2,1,1,6,8,"281, STALINGRAD (RUE DE)",,,,930
200800015664,8,3,15,1300,1,2,1,1,1,709,rue Joffre,M,0.0,0.0,760
200800065799,8,11,24,1700,5,2,2,9,6,26,VERDUN (DE 62 A FIN),,,,920
200800074372,8,12,1,815,2,1,1,2,2,490,RN12 INT,,,,780
200800043217,8,8,25,55,5,2,1,2,6,104,"14, QUAI HENRI IV",,,,750
200800071810,8,12,5,2310,5,2,1,1,6,350,ALSACE BOULEVARD D,,,,590
200800061379,8,10,17,1450,1,1,1,1,2,106,A51-Sens Aix en Provence,,,,130
200800028332,8,5,13,2000,1,1,1,1,1,222,,M,0.0,0.0,690
200800064075,8,11,1,1020,1,1,1,3,6,1,"2, STRASBOURG (BOULEVARD",,,,610
200800074255,8,12,15,820,1,1,1,1,2,184,A43   15.971 A 18.875,,,,380
200800029836,8,6,28,1545,1,1,1,1,6,506,,M,0.0,0.0,330
200800027543,8,5,22,1856,1,2,1,1,6,114,"232, BOULEVARD RASPAIL",,,,750
200800043145,8,8,27,1125,1,1,1,1,7,73,A86,,,,940
200800048536,8,9,6,1715,1,1,1,1,1,222,,M,5001000.0,469200.0,80
200800025656,8,5,10,902,1,2,6,1,5,121,"0, PARIS N 20 (AVENUE DE",,,,820
200800039738,8,7,5,1540,1,2,1,2,6,573,SOISSONS (ROUTE DE) CARR,,,,510
200800030704,8,6,16,830,1,1,1,1,3,42,,M,0.0,0.0,830
200800036005,8,4,3,655,2,2,1,8,6,215,LIBERTE  (AVENUE DE LA),,,,770
200800075310,8,4,16,1745,1,2,1,8,6,218,Rue Edgard Nestoret,A,0.0,0.0,972
200800010094,8,2,25,1830,5,2,1,1,6,78,"0.000, KENNEDY (BOULEVAR",,,,930
200800033141,8,6,16,1815,1,1,1,1,2,339,CD 700,,,,590
200800052762,8,9,8,1735,1,2,3,1,6,54,MIRABEAU  COURS,,,,130
200800005327,8,1,6,1455,1,2,1,1,3,118,"27, BOULEVARD NEY",,,,750
200800014758,8,3,5,1810,1,1,1,1,4,214,A7-Sens Lyon vers Marsei,,,,130
200800000840,8,1,28,1745,1,1,1,1,1,161,,M,4751900.0,-205800.0,440
200800027063,8,5,19,1510,1,2,1,1,3,108,AVENUE GABRIEL,,,,750
200800010236,8,2,16,500,5,2,1,1,6,78,MELUN (AV DE),,,,940
200800015928,8,3,11,815,1,2,1,3,6,57,rue des ecoles,M,4475300.0,-7300.0,330
200800061726,8,10,23,1300,1,2,1,1,3,112,"120, RUE DE LYON",,,,750
200800033076,8,6,13,2240,4,2,1,1,6,350,"18, MOULINS PAVE DU",,,,590
200800061742,8,10,31,1830,5,2,1,8,7,112,"48, BOULEVARD DE BERCY",,,,750
200800038889,8,7,4,2107,1,2,4,1,6,231,GEORGES POMPIDOU (VOIE),,,,210
200800071015,8,12,18,1835,5,2,6,1,3,189,KENNEDY (AVENUE),,,,300
200800050131,8,9,20,1530,1,1,2,1,3,512,ALGER  (RUE D'),,,,590
200800068635,8,12,21,2045,3,1,6,1,3,378,,M,0.0,0.0,270
200800006469,8,2,14,1430,1,1,1,1,6,319,,M,0.0,0.0,70
200800042402,8,7,12,250,5,2,1,2,6,116,AVENUE DU PRESIDENT KENN,,,,750
200800019771,8,4,30,755,1,1,1,1,7,281,"00, RD 177",,,,350
200800051873,8,9,10,904,1,2,3,1,3,85,"37, GARIBALDI (AVENUE)",,,,870
200800071782,8,12,8,2000,5,2,2,1,3,183,"., VERLEY PAUL - BOULEVA",,,,590
200800068522,8,12,27,1515,1,1,1,1,2,754,,M,5020300.0,285500.0,620
200800059101,8,10,16,1755,1,2,1,1,3,122,"., ""KENNEDY (AVENUE DU P",,,,640
200800040512,8,7,6,1530,1,2,3,1,3,37,"34, MOREAU DES TOURS (RU",,,,770
200800044208,8,8,15,745,1,2,2,1,7,238,"32, REDON (DE)",,,,350
200800074928,8,2,17,1045,1,2,1,8,6,411,RN2/111,,,,974
200800036962,8,7,28,1800,1,1,9,1,6,236,,M,0.0,0.0,740
200800044167,8,8,7,1846,1,2,2,2,3,10,"3, LAMARTINE (RUE)",,,,900
200800069575,8,12,22,815,1,1,1,1,1,30,,M,0.0,0.0,840
200800005443,8,1,12,115,5,2,1,2,6,106,"90, RUE BONAPARTE",,,,750
200800005346,8,1,7,1055,1,2,1,1,6,118,BOULEVARD ORNANO,,,,750
200800056907,8,10,6,1945,1,2,1,1,3,88,"111, STE-MARGUERITE (AV.",,,,60
200800076715,8,9,16,1330,1,2,3,1,3,407,OWENS JAMES,,,,974
200800033622,8,6,9,1530,1,2,1,1,1,351,"NEANT, IRENE JOLIOT CURI",,,,760
200800040506,8,7,22,1510,1,2,1,1,7,320,"660, MARECHAL LECLERC (A",,,,770
200800025864,8,5,30,905,1,2,2,1,3,228,VOIE TU,,,,910
200800025892,8,5,13,1930,1,2,1,1,7,667,"1, MORSANG (RUE)",,,,910
200800035599,8,6,8,730,1,2,2,1,3,116,"37, BOULEVARD SUCHET",,,,750
200800031904,8,6,27,810,1,2,2,1,3,300,"001, GAMBETTA   AVENUE",,,,170
200800036984,8,7,13,2300,5,2,1,1,1,254,02 Route de Blanzat,M,4581500.0,305800.0,630
200800069497,8,12,11,1600,1,2,1,1,6,19,CD6  - hauteur DECATHLON,M,4342000.0,535000.0,130
200800016064,8,3,23,630,2,1,1,1,1,117,,M,4369100.0,154200.0,310
200800005861,8,2,10,845,1,1,1,1,6,566,,M,5067100.0,184900.0,620
200800035385,8,6,5,1845,1,2,4,1,3,111,"32, AVENUE DE LA REPUBLI",,,,750
200800044669,8,8,26,1700,1,2,3,1,6,350,"00, BETHUNE (Porte de)",,,,590
200800069378,8,12,31,845,5,2,7,2,7,487,,M,0.0,0.0,80
200800065940,8,11,2,2020,3,2,9,2,2,300,CHAMP DE MARS   AVENUE D,,,,170
200800044583,8,8,16,1300,1,2,2,1,6,751,"00, VICTOR POULAIN (RUE",,,,570
200800074497,8,1,23,2015,3,1,1,1,1,217,,A,0.0,0.0,972
200800020778,8,4,12,1735,1,2,1,1,6,646,"7, JOUVENCEL (RUE)",,,,780
200800049017,8,9,18,1845,1,1,1,1,6,189,,M,0.0,0.0,720
200800075205,8,4,9,1700,1,1,1,1,2,416,,R,0.0,0.0,974
200800016649,8,3,15,1645,1,2,1,1,1,56,,M,4414000.0,489000.0,840
200800030697,8,6,8,1715,1,1,1,1,3,99,,M,4346500.0,666000.0,830
200800001390,8,1,20,1430,1,1,1,1,6,49,,M,4584400.0,504400.0,10
200800064807,8,11,1,1515,1,2,5,2,3,46,LEON LUM AVENUE,,,,930
200800031047,8,6,14,1215,1,1,1,1,1,94,,M,0.0,0.0,410
200800055707,8,10,16,1145,1,1,1,1,3,31,,M,4437000.0,420000.0,70
200800001286,8,1,13,1530,1,1,1,1,6,52,,M,4746800.0,88900.0,370
200800019480,8,4,29,1600,1,2,1,1,4,189,"., GENERAC (RUE)",,,,300
200800021056,8,4,1,825,1,2,1,1,6,12,"31, PIERRE GRENIER (AVEN",,,,920
200800073661,8,12,12,2230,5,2,1,1,6,116,"91, RUE DE LONGCHAMP",,,,750
200800068201,8,11,24,1810,5,2,2,2,7,105,"48, RUE GAY LUSSAC",,,,750
200800053164,8,9,3,2000,1,2,1,1,5,32,MOULIN JEAN (AV),,,,340
200800054176,8,9,30,1150,1,2,3,1,2,77,"124, GRANDE RUE  18 / FI",,,,930
200800036565,8,7,19,300,5,2,1,1,6,329,24 rue des fontaines,M,4329700.0,-28900.0,640
200800017517,8,4,6,1745,1,1,1,1,3,68,,M,0.0,0.0,830
200800041323,8,7,8,2345,5,1,9,1,3,66,MARVILLE (CHEMIN),,,,930
200800042814,8,8,2,925,1,2,2,1,6,118,"110bis, RUE ORDENER",,,,750
200800058019,8,10,6,231,5,2,1,1,3,172,"0, PAGEZY (RUE)",,,,340
200800047516,8,8,13,615,2,2,1,1,1,22,"CD 1, PR 22+700",M,0.0,0.0,60
200800065056,8,11,6,1630,2,2,1,2,7,41,"06, GABRIEL PERI (R)",,,,940
200800028170,8,5,6,715,1,1,1,1,2,56,,M,0.0,0.0,160
200800038273,8,7,7,1540,1,2,1,1,6,88,"3, GASSIN (R. COLONEL)",,,,60
200800057537,8,10,24,1555,1,1,1,1,3,215,"0, TERTRE DE LA MOTTE (R",,,,220